{
  "mappings": {
    "dev/monarkhes/myron/impl/mixin/BakedModelManagerAccessor": {
      "models": "field_5408:Ljava/util/Map;"
    },
    "dev/monarkhes/myron/impl/mixin/MixinModelLoader": {
      "loadModel": "Lnet/minecraft/class_1088;method_4715(Lnet/minecraft/class_2960;)V"
    }
  },
  "data": {
    "named:intermediary": {
      "dev/monarkhes/myron/impl/mixin/BakedModelManagerAccessor": {
        "models": "field_5408:Ljava/util/Map;"
      },
      "dev/monarkhes/myron/impl/mixin/MixinModelLoader": {
        "loadModel": "Lnet/minecraft/class_1088;method_4715(Lnet/minecraft/class_2960;)V"
      }
    }
  }
}