{
  "schemaVersion": 1,
  "id": "myron",
  "version": "1.5.1",
  "name": "Myron",
  "description": "An OBJ model loader for the fabric ecosystem",
  "authors": [
    "Haven King",
    "abused_master"
  ],
  "contact": {},
  "license": "MIT",
  "icon": "assets/myron/icon.png",
  "environment": "*",
  "entrypoints": {
    "main": [],
    "client": [
      "dev.monarkhes.myron.impl.client.Myron"
    ]
  },
  "mixins": [
    "myron.mixins.json"
  ],
  "depends": {
    "fabricloader": "\u003e\u003d0.10.8",
    "fabric": "\u003e\u003d0.29.0",
    "minecraft": "\u003e\u003d1.16.4"
  },
  "breaks": {
    "foml": "*"
  },
  "jars": [
    {
      "file": "META-INF/jars/obj-0.3.0.jar"
    }
  ]
}